{
  "cem_online_means": {
    "12": 94.9408086583868,
    "13": 94.35212209000862,
    "6": 95.51788807376778,
    "7": 94.75864756468046,
    "0": 96.45369958755566,
    "1": 97.5372663172428,
    "14": 91.08902648412248,
    "15": 90.3994572107545,
    "8": 90.8942742487374,
    "9": 91.22774790753971,
    "3": 91.8785515551002,
    "2": 92.02361738687185,
    "16": 91.08400472935723,
    "10": 90.96691976551827,
    "17": 90.22992442677858,
    "4": 94.17221591306054,
    "11": 91.4713896338999,
    "5": 93.8528804162653
  },
  "cem_online_stds": {
    "12": 5.227997436083596,
    "13": 5.0,
    "6": 5.183245706745872,
    "7": 5.224216311028441,
    "0": 5.1583222039000365,
    "1": 5.322067068259254,
    "14": 5.0,
    "15": 5.0522834791989855,
    "8": 5.0,
    "9": 5.775479189129738,
    "3": 5.439433969333022,
    "2": 5.0418283069190055,
    "16": 5.489741860231136,
    "10": 5.0,
    "17": 5.0,
    "4": 5.205591375548279,
    "11": 5.754247124143263,
    "5": 5.0
  },
  "cem_online_state_visit_count": {
    "12": 40585,
    "13": 15761,
    "6": 29632,
    "7": 11599,
    "0": 19583,
    "1": 7840,
    "14": 31105,
    "15": 12649,
    "8": 20403,
    "9": 8229,
    "3": 22122,
    "2": 55492,
    "16": 15757,
    "10": 11707,
    "17": 6354,
    "4": 36536,
    "11": 4740,
    "5": 14906
  }
}