{
  "cem_online_means": {
    "12": 103.4236979157634,
    "13": 102.74984969455666,
    "6": 104.44057638549816,
    "7": 103.88018954928657,
    "0": 104.67577092854984,
    "1": 104.60670075918291,
    "14": 100.36573874106762,
    "15": 100.57263911301273,
    "8": 100.17829714887114,
    "9": 101.15533230243435,
    "3": 101.63640508820916,
    "2": 101.07335219708222,
    "16": 100.33695819543256,
    "10": 101.14457158735767,
    "17": 99.81604717773092,
    "4": 103.1483974140655,
    "11": 100.94503911902052,
    "5": 102.32119350850738
  },
  "cem_online_stds": {
    "12": 5.218908300122035,
    "13": 5.480061895296929,
    "6": 5.0,
    "7": 5.0,
    "0": 5.0,
    "1": 5.0,
    "14": 5.0,
    "15": 5.0,
    "8": 5.011624776027432,
    "9": 5.0,
    "3": 5.0,
    "2": 5.057619218618653,
    "16": 5.0,
    "10": 5.310090858886386,
    "17": 5.0,
    "4": 5.151033693275591,
    "11": 5.0,
    "5": 5.427226327051327
  },
  "cem_online_state_visit_count": {
    "12": 40585,
    "13": 15761,
    "6": 29632,
    "7": 11599,
    "0": 19583,
    "1": 7840,
    "14": 31105,
    "15": 12649,
    "8": 20403,
    "9": 8229,
    "3": 22122,
    "2": 55492,
    "16": 15757,
    "10": 11707,
    "17": 6354,
    "4": 36536,
    "11": 4740,
    "5": 14906
  }
}