{
  "cem_online_means": {
    "12": 103.85689518439162,
    "13": 103.28433113705731,
    "6": 104.09308376207946,
    "7": 102.9733493900084,
    "14": 100.68105112758664,
    "15": 100.97837536677432,
    "9": 103.75585241806041,
    "8": 103.68452440973796,
    "2": 104.7161580860355,
    "16": 101.15617221170712,
    "17": 101.64969508715623,
    "10": 103.49577270392868,
    "11": 103.88970253045461,
    "4": 104.35148263065884,
    "3": 104.97745514640282,
    "5": 104.18068302543156,
    "0": 109.00680826434044,
    "1": 106.94371253592857
  },
  "cem_online_stds": {
    "12": 5.5469103377668,
    "13": 5.106154566777817,
    "6": 5.0,
    "7": 5.040874301295568,
    "14": 5.068432063385285,
    "15": 5.009502304045907,
    "9": 5.0,
    "8": 5.0,
    "2": 5.018092024348961,
    "16": 5.0,
    "17": 5.0,
    "10": 5.172495575558674,
    "11": 5.0,
    "4": 5.02646734459714,
    "3": 5.0683612057198175,
    "5": 5.0,
    "0": 5.0,
    "1": 5.026772323520353
  },
  "cem_online_state_visit_count": {
    "12": 70041,
    "13": 27437,
    "6": 19703,
    "7": 7621,
    "14": 52116,
    "15": 21182,
    "9": 16353,
    "8": 40729,
    "2": 14155,
    "16": 27484,
    "17": 11179,
    "10": 22993,
    "11": 9440,
    "4": 13523,
    "3": 5465,
    "5": 5381,
    "0": 56,
    "1": 142
  }
}