{
  "cem_online_means": {
    "12": 93.58839237282282,
    "13": 94.14144165595278,
    "6": 96.22092492046713,
    "7": 94.52892768987941,
    "14": 92.48659065420776,
    "15": 92.49748133473962,
    "9": 95.26290766904081,
    "8": 95.37265616133277,
    "2": 97.25841751978373,
    "16": 90.64775024232155,
    "17": 90.76037268964218,
    "10": 94.62944320327487,
    "11": 94.82642550602016,
    "4": 96.2562939103665,
    "3": 96.75265136953848,
    "5": 96.47156758883189,
    "0": 100.90962708355809,
    "1": 98.63533171519833
  },
  "cem_online_stds": {
    "12": 5.105943099787642,
    "13": 5.0,
    "6": 5.0,
    "7": 5.0,
    "14": 5.038392544482478,
    "15": 5.184692931110558,
    "9": 5.183598083655359,
    "8": 5.105403595035336,
    "2": 5.102422176816705,
    "16": 5.0,
    "17": 5.0073329366558825,
    "10": 5.178984082912472,
    "11": 5.108837405336301,
    "4": 5.2540540651948415,
    "3": 5.161010984039367,
    "5": 5.528800356725382,
    "0": 6.015033656893344,
    "1": 5.144268750015744
  },
  "cem_online_state_visit_count": {
    "12": 70041,
    "13": 27437,
    "6": 19703,
    "7": 7621,
    "14": 52116,
    "15": 21182,
    "9": 16353,
    "8": 40729,
    "2": 14155,
    "16": 27484,
    "17": 11179,
    "10": 22993,
    "11": 9440,
    "4": 13523,
    "3": 5465,
    "5": 5381,
    "0": 56,
    "1": 142
  }
}