{
  "cem_online_means": {
    "12": 95.68240306927052,
    "13": 94.45076666704864,
    "6": 96.07195165022414,
    "7": 97.27309273087005,
    "14": 93.64237038783784,
    "15": 93.87307223999707,
    "8": 97.36333915832202,
    "9": 96.46749157706695,
    "16": 94.81013535623825,
    "17": 95.06724353780447,
    "10": 96.69628100925772,
    "11": 96.79826083302297,
    "4": 98.08100612598238,
    "2": 98.67429072266057,
    "5": 97.21150394788908,
    "3": 98.30649332620933,
    "1": 130.0
  },
  "cem_online_stds": {
    "12": 5.078172016833473,
    "13": 5.0,
    "6": 6.239123475508527,
    "7": 5.217722429426896,
    "14": 5.065627044896459,
    "15": 5.0,
    "8": 5.0,
    "9": 5.117336808669709,
    "16": 5.089338599447299,
    "17": 5.327422250416664,
    "10": 5.0,
    "11": 5.0,
    "4": 5.0,
    "2": 5.0,
    "5": 5.0,
    "3": 5.0,
    "1": 17.61355420949141
  },
  "cem_online_state_visit_count": {
    "12": 82172,
    "13": 32134,
    "6": 7628,
    "7": 3058,
    "14": 63906,
    "15": 26077,
    "8": 41658,
    "9": 16413,
    "16": 35729,
    "17": 14386,
    "10": 25211,
    "11": 10366,
    "4": 3060,
    "2": 1436,
    "5": 1248,
    "3": 510,
    "1": 8
  }
}