{
  "cem_online_means": {
    "12": 103.34817905080439,
    "13": 102.63573502866073,
    "6": 104.08604481007308,
    "7": 104.09238019975686,
    "14": 102.53582410093043,
    "15": 102.71931206833278,
    "8": 105.32841948919143,
    "9": 105.97561936068868,
    "16": 103.24851685827619,
    "17": 103.82930554132993,
    "10": 105.69224670970782,
    "11": 104.38901063356177,
    "4": 106.20790755141164,
    "2": 106.41825262279377,
    "5": 104.7860429120778,
    "3": 107.12207420911534,
    "1": 130.0
  },
  "cem_online_stds": {
    "12": 5.0,
    "13": 5.033627101414565,
    "6": 5.43871568128927,
    "7": 5.561390419593481,
    "14": 5.182355216449276,
    "15": 5.027920368832047,
    "8": 5.0,
    "9": 5.149596349575374,
    "16": 5.509798744066802,
    "17": 5.0,
    "10": 5.366402316097499,
    "11": 5.0,
    "4": 5.279546889643745,
    "2": 5.0,
    "5": 5.03502221475927,
    "3": 5.0,
    "1": 17.61355420949141
  },
  "cem_online_state_visit_count": {
    "12": 82172,
    "13": 32134,
    "6": 7628,
    "7": 3058,
    "14": 63906,
    "15": 26077,
    "8": 41658,
    "9": 16413,
    "16": 35729,
    "17": 14386,
    "10": 25211,
    "11": 10366,
    "4": 3060,
    "2": 1436,
    "5": 1248,
    "3": 510,
    "1": 8
  }
}