{
  "cem_online_means": {
    "66": 0.15520079798141662,
    "30": 0.08375947020838832,
    "12": 0.06141538212920683,
    "85": 0.2296303312383634,
    "84": 0.25340806721437814,
    "13": 0.0623716164998571,
    "60": 0.16488222096479127,
    "24": 0.04945396749564362,
    "48": 0.06810620820611732,
    "6": 0.06518332241590283,
    "79": 0.31280791405049857,
    "61": 0.20231841543784038,
    "7": 0.06139086323407415,
    "78": 0.3104843187594337,
    "42": 0.067553786601619,
    "43": 0.06401774381453834,
    "67": 0.18121881589696218,
    "25": 0.061810970410821314,
    "49": 0.07020040986490217,
    "31": 0.0892412875604734,
    "0": 0.06448479673012371,
    "72": 0.26240725823019817,
    "1": 0.0654895989519281,
    "14": 0.047100051986675974,
    "68": 0.27329832099884016,
    "87": 0.3131087770993035,
    "15": 0.046814963580379905,
    "8": 0.04453031560843203,
    "9": 0.047088188191851156,
    "44": 0.0738869164023419,
    "69": 0.2306552097590229,
    "86": 0.27436801555812573,
    "3": 0.0531509227928277,
    "32": 0.07543121264737257,
    "57": 0.30517220699884395,
    "2": 0.0537515089796998,
    "38": 0.08232203613128941,
    "45": 0.07349550321025797,
    "81": 0.3354640818023241,
    "63": 0.23013130946339044,
    "80": 0.2752113502559295,
    "50": 0.058227623484305005,
    "20": 0.08153551392710148,
    "51": 0.071184050807991,
    "74": 0.3701091853569306,
    "62": 0.23044631552931732,
    "33": 0.07059832227627674,
    "26": 0.06721100692242885,
    "27": 0.08080429825117787,
    "56": 0.24720507210656478,
    "21": 0.08582689674250188,
    "39": 0.07397152164538087,
    "75": 0.33913451590796345,
    "16": 0.03426031189572258,
    "82": 0.30524306238082566,
    "52": 0.07129302342741077,
    "17": 0.0307368252930953,
    "4": 0.07578048046948849,
    "71": 0.23636866934382103,
    "11": 0.0336742153439104,
    "35": 0.07171690338846647,
    "76": 0.4421102303934205,
    "29": 0.0680177665131616,
    "5": 0.08448452686977416,
    "59": 0.33360322995934977,
    "46": 0.06334454937422557,
    "58": 0.3336231950157951,
    "10": 0.03297982119795483,
    "70": 0.20290133830563498,
    "40": 0.08989733660418348,
    "89": 0.2990580114172712,
    "65": 0.22928136457818793,
    "88": 0.2776146585266596,
    "23": 0.1005147391240924,
    "34": 0.055430642692624765,
    "41": 0.10741260690016807,
    "47": 0.08759191469772448,
    "77": 0.453778171016402,
    "53": 0.08206842181281936,
    "83": 0.3098699714486548,
    "64": 0.27872631769132317,
    "28": 0.05337038834798944,
    "22": 0.08796040054463262,
    "73": 0.288370282009079,
    "37": 0.06333073026571742,
    "36": 0.07116645452346482,
    "18": 0.05231841423756689,
    "54": 0.18449146466319732,
    "55": 0.20120930879166815,
    "19": 0.07100394436021251
  },
  "cem_online_stds": {
    "66": 0.0822738338846198,
    "30": 0.03624282270063072,
    "12": 0.02061858490688194,
    "85": 0.09435744410289641,
    "84": 0.07996873636937499,
    "13": 0.020491711851143117,
    "60": 0.07907339166851615,
    "24": 0.03069057172146272,
    "48": 0.02,
    "6": 0.023088931602499554,
    "79": 0.11785881668984075,
    "61": 0.09055523834559906,
    "7": 0.022164085330632476,
    "78": 0.13642982601764575,
    "42": 0.02820963947598791,
    "43": 0.03243807470517415,
    "67": 0.10784956016664976,
    "25": 0.03971039802544281,
    "49": 0.03364018286486479,
    "31": 0.04559959380220033,
    "0": 0.025773651308905306,
    "72": 0.11750635153670462,
    "1": 0.026465928314500228,
    "14": 0.021702325910156108,
    "68": 0.07232089792234488,
    "87": 0.14912265525697677,
    "15": 0.02,
    "8": 0.02035300701298917,
    "9": 0.02,
    "44": 0.029021671130583977,
    "69": 0.08862714277639298,
    "86": 0.1197615881886248,
    "3": 0.022429851573183123,
    "32": 0.022840420793800446,
    "57": 0.08198168645453727,
    "2": 0.021109504270370075,
    "38": 0.03546690740382513,
    "45": 0.026964232408131665,
    "81": 0.12968117168796608,
    "63": 0.09395610978991241,
    "80": 0.1470615257911956,
    "50": 0.04511687537304225,
    "20": 0.02140624118922964,
    "51": 0.03965058397311703,
    "74": 0.16132028902252668,
    "62": 0.08314064569592984,
    "33": 0.0252204821416024,
    "26": 0.027501128936010068,
    "27": 0.022737269748784896,
    "56": 0.10797701151224218,
    "21": 0.02020535469282561,
    "39": 0.024147113204824017,
    "75": 0.1476708104322602,
    "16": 0.02,
    "82": 0.12900017187891938,
    "52": 0.03615286234939027,
    "17": 0.02,
    "4": 0.03287965909313713,
    "71": 0.11103568786767681,
    "11": 0.02,
    "35": 0.03655833512094033,
    "76": 0.115542483952814,
    "29": 0.04288805103321122,
    "5": 0.03402772533664403,
    "59": 0.12962193511271047,
    "46": 0.038778231541790775,
    "58": 0.12224105323236459,
    "10": 0.02,
    "70": 0.09627306979410712,
    "40": 0.039754075738331035,
    "89": 0.15093135883212108,
    "65": 0.12582900134301894,
    "88": 0.11866105334165038,
    "23": 0.03213917635001858,
    "34": 0.03130449036075455,
    "41": 0.03947674833489335,
    "47": 0.04721382181427139,
    "77": 0.15897996806058443,
    "53": 0.05006556560474882,
    "83": 0.16822464425009645,
    "64": 0.08235732321030109,
    "28": 0.029003613955113576,
    "22": 0.03191289876357073,
    "73": 0.1324888142611382,
    "37": 0.02551798566747853,
    "36": 0.028173467110861314,
    "18": 0.022814620293037362,
    "54": 0.08714308982998496,
    "55": 0.08169584138150239,
    "19": 0.02690086206174343
  },
  "cem_online_state_visit_count": {
    "66": 1173,
    "30": 5121,
    "13": 11321,
    "12": 29389,
    "85": 319,
    "78": 498,
    "6": 20753,
    "67": 453,
    "60": 969,
    "25": 1571,
    "48": 4182,
    "7": 8154,
    "61": 407,
    "84": 720,
    "49": 1703,
    "42": 3291,
    "43": 1240,
    "31": 1965,
    "24": 4121,
    "79": 227,
    "36": 2100,
    "54": 504,
    "0": 14057,
    "1": 5587,
    "19": 1160,
    "86": 380,
    "72": 235,
    "14": 23868,
    "15": 9736,
    "68": 565,
    "69": 225,
    "87": 157,
    "8": 15682,
    "63": 145,
    "80": 311,
    "9": 6295,
    "39": 1664,
    "62": 408,
    "3": 17234,
    "32": 3845,
    "56": 1181,
    "2": 42907,
    "50": 2447,
    "45": 680,
    "20": 6357,
    "38": 4219,
    "51": 1041,
    "33": 1490,
    "44": 1626,
    "74": 828,
    "21": 2493,
    "26": 2376,
    "75": 303,
    "81": 120,
    "27": 989,
    "57": 428,
    "52": 1568,
    "16": 11417,
    "46": 1192,
    "17": 4566,
    "22": 4640,
    "76": 913,
    "53": 665,
    "40": 3992,
    "4": 25779,
    "11": 3451,
    "70": 345,
    "34": 2220,
    "77": 400,
    "23": 1875,
    "10": 8476,
    "5": 10414,
    "64": 258,
    "82": 197,
    "58": 1212,
    "89": 92,
    "83": 76,
    "71": 145,
    "88": 207,
    "41": 1707,
    "29": 622,
    "59": 510,
    "65": 127,
    "28": 1584,
    "35": 886,
    "47": 464,
    "37": 808,
    "18": 2687,
    "73": 76,
    "55": 209
  }
}