{
  "cem_online_means": {
    "84": 0.2611915634997044,
    "66": 0.14554182241479913,
    "12": 0.04647715460207183,
    "30": 0.038289083725163695,
    "31": 0.03917678400646715,
    "13": 0.04569808883190225,
    "85": 0.2885638869849058,
    "48": 0.09226026740395346,
    "67": 0.1687841258165111,
    "49": 0.10044482941786836,
    "6": 0.051258889970222786,
    "60": 0.14758492848046395,
    "7": 0.0497840203856017,
    "24": 0.04356390246304348,
    "42": 0.08717092478303073,
    "79": 0.3443587047451613,
    "25": 0.04024474978208873,
    "14": 0.03657669618868717,
    "68": 0.10698909911659185,
    "87": 0.2516357198813421,
    "51": 0.054181314703729715,
    "69": 0.12451054667020478,
    "15": 0.03469062458493737,
    "86": 0.20087329863761644,
    "9": 0.040672429522146836,
    "8": 0.04084791484879342,
    "50": 0.05628939243113308,
    "26": 0.033859483599636676,
    "45": 0.05683116957410117,
    "32": 0.04653643826275499,
    "62": 0.11995204621859146,
    "80": 0.23051829014632852,
    "33": 0.0429183303797416,
    "81": 0.2524155489842477,
    "44": 0.048566569812758476,
    "63": 0.1533241168993237,
    "27": 0.03247319737217372,
    "56": 0.18663749293738943,
    "20": 0.0370160771200637,
    "70": 0.1532098800428488,
    "88": 0.2629844161056671,
    "34": 0.04668538688784033,
    "16": 0.05663577440529695,
    "17": 0.05850414165685824,
    "89": 0.28798055935489353,
    "64": 0.23632993183818085,
    "10": 0.04896962573207077,
    "71": 0.20926059450107876,
    "82": 0.15375134954319192,
    "11": 0.048189282336347124,
    "47": 0.06251073698844442,
    "35": 0.0415657290543123,
    "52": 0.037629874970405375,
    "83": 0.27535243358802247,
    "65": 0.18760861504670884,
    "46": 0.04927172463760713,
    "22": 0.06487885487628864,
    "53": 0.0628081310930264,
    "28": 0.06952999882988621,
    "76": 0.23078867518397778,
    "40": 0.05822368989265886,
    "4": 0.047098138238681295,
    "29": 0.06568093509583701,
    "2": 0.045411687817202416,
    "78": 0.2775129728474366,
    "43": 0.1051512486878719,
    "75": 0.4,
    "74": 0.29882415750868996,
    "57": 0.22226106665898998,
    "5": 0.04732790949963745,
    "77": 0.33147676579745755,
    "59": 0.19515650078283747,
    "21": 0.03847818448211188,
    "38": 0.04396042361780317,
    "3": 0.04773524871168267,
    "23": 0.07729696142557568,
    "39": 0.046097726906551326,
    "61": 0.18387024625003556,
    "58": 0.14528438856082498,
    "41": 0.08238264256900413,
    "0": 0.11240213206809438,
    "1": 0.06357398038060585,
    "73": 0.4,
    "19": 0.4,
    "55": 0.4,
    "72": 0.4,
    "37": 0.4,
    "18": 0.4,
    "36": 0.4,
    "54": 0.4
  },
  "cem_online_stds": {
    "84": 0.0955327042200856,
    "66": 0.07400434473846068,
    "12": 0.02025944230690258,
    "30": 0.022385726588956843,
    "31": 0.025207231077947888,
    "13": 0.02,
    "85": 0.11591412566589891,
    "48": 0.026686684333289235,
    "67": 0.07453203169950313,
    "49": 0.024879992290837087,
    "6": 0.0220848309786949,
    "60": 0.09047746432630378,
    "7": 0.02,
    "24": 0.02,
    "42": 0.04198065496183269,
    "79": 0.11941299485514731,
    "25": 0.02,
    "14": 0.020344654102359236,
    "68": 0.06162224250167861,
    "87": 0.11868687970366082,
    "51": 0.024964572364827728,
    "69": 0.061438356163407044,
    "15": 0.02,
    "86": 0.11115007439612153,
    "9": 0.020560723811203573,
    "8": 0.020629302527574445,
    "50": 0.02,
    "26": 0.02,
    "45": 0.021044531389679138,
    "32": 0.022817949284165605,
    "62": 0.06949352687785157,
    "80": 0.09812173318638097,
    "33": 0.023652202547308,
    "81": 0.09827424418340193,
    "44": 0.025899060937254876,
    "63": 0.09401583536332878,
    "27": 0.020294483106598465,
    "56": 0.10511524142443571,
    "20": 0.02,
    "70": 0.08893793399629345,
    "88": 0.08410633409256536,
    "34": 0.02286434043456361,
    "16": 0.02,
    "17": 0.02,
    "89": 0.09238591360016904,
    "64": 0.0733456383124339,
    "10": 0.022005805443132215,
    "71": 0.07949898629655903,
    "82": 0.08974865994943636,
    "11": 0.02236169472124142,
    "47": 0.03612739222412663,
    "35": 0.021071319287887802,
    "52": 0.03267691446171555,
    "83": 0.13321122488720968,
    "65": 0.09292515402822592,
    "46": 0.039290293990993076,
    "22": 0.022236487822407478,
    "53": 0.042475982385211816,
    "28": 0.020494151827784007,
    "76": 0.10270381891850949,
    "40": 0.02657341486920913,
    "4": 0.022927279827640628,
    "29": 0.021095343252498493,
    "2": 0.020956756173776937,
    "78": 0.08873320595636344,
    "43": 0.04752232495764991,
    "75": 0.16389365955528246,
    "74": 0.10550705513910995,
    "57": 0.11478582666138325,
    "5": 0.024642643170383893,
    "77": 0.13653559786179326,
    "59": 0.11013214481927357,
    "21": 0.02,
    "38": 0.027915414897281755,
    "3": 0.02,
    "23": 0.02,
    "39": 0.03569935705971904,
    "61": 0.12558379203350026,
    "58": 0.08102920747483491,
    "41": 0.04128606894170298,
    "0": 0.11404484545238662,
    "1": 0.04935832990255988,
    "73": 0.16787670449851,
    "19": 0.16821296220996773,
    "55": 0.16854989344696822,
    "72": 0.17024469982740553,
    "37": 0.17075645710009096,
    "18": 0.17438209167403834,
    "36": 0.17613554209491417,
    "54": 0.1787988318045876
  },
  "cem_online_state_visit_count": {
    "84": 1027,
    "66": 1516,
    "12": 53416,
    "31": 3259,
    "85": 410,
    "67": 575,
    "13": 21027,
    "49": 2166,
    "30": 8405,
    "48": 5677,
    "6": 15371,
    "60": 357,
    "25": 886,
    "78": 197,
    "42": 1513,
    "61": 119,
    "79": 67,
    "7": 5969,
    "14": 39356,
    "15": 15835,
    "32": 6477,
    "69": 448,
    "87": 293,
    "51": 1806,
    "68": 1079,
    "86": 735,
    "81": 238,
    "8": 30669,
    "50": 4469,
    "26": 4929,
    "80": 639,
    "9": 12410,
    "45": 1384,
    "62": 931,
    "33": 2800,
    "44": 3561,
    "63": 388,
    "27": 1933,
    "2": 11085,
    "74": 82,
    "88": 504,
    "16": 21550,
    "70": 679,
    "52": 2071,
    "35": 1105,
    "71": 306,
    "17": 8717,
    "46": 2413,
    "10": 16581,
    "89": 188,
    "64": 687,
    "11": 6845,
    "34": 2680,
    "83": 193,
    "82": 418,
    "47": 944,
    "4": 9628,
    "28": 2894,
    "65": 284,
    "53": 863,
    "29": 1174,
    "58": 333,
    "38": 1099,
    "43": 580,
    "24": 2265,
    "21": 663,
    "75": 29,
    "56": 217,
    "39": 446,
    "23": 735,
    "77": 58,
    "5": 3881,
    "40": 1494,
    "22": 1938,
    "76": 130,
    "3": 4253,
    "41": 572,
    "57": 74,
    "59": 135,
    "20": 1672,
    "36": 3,
    "37": 8,
    "72": 2,
    "1": 115,
    "73": 2,
    "19": 17,
    "18": 7,
    "0": 44
  }
}