{
  "cem_online_means": {
    "12": 0.04929562191501026,
    "84": 0.24255501159597004,
    "48": 0.0698663202591436,
    "66": 0.1560181252454068,
    "13": 0.04716835188361157,
    "85": 0.20142800504100727,
    "67": 0.1518555136620312,
    "49": 0.07117462869608579,
    "30": 0.041963989911813576,
    "31": 0.03708000401956746,
    "60": 0.23976159663014857,
    "79": 0.35195926780765935,
    "14": 0.039803935307151594,
    "68": 0.09795471437857406,
    "87": 0.23687528683944448,
    "15": 0.03785658929640964,
    "69": 0.13420892321956873,
    "50": 0.07058482404088134,
    "51": 0.05941930230372937,
    "33": 0.047811295323394426,
    "86": 0.22658633900152075,
    "8": 0.044315007795272456,
    "32": 0.04590663015180061,
    "80": 0.21237074920451043,
    "62": 0.1510074659454543,
    "9": 0.04558131151123548,
    "45": 0.0775376583989334,
    "81": 0.24748400782720995,
    "27": 0.051093807369809986,
    "44": 0.06812740531317586,
    "26": 0.04312436555487546,
    "63": 0.23249350556266318,
    "16": 0.04940454524714289,
    "70": 0.14608142217625977,
    "34": 0.0482562922022433,
    "53": 0.05669165153242216,
    "88": 0.23066170380612733,
    "17": 0.046397324362307105,
    "10": 0.05104086920012135,
    "89": 0.30434444832830254,
    "82": 0.22352180027121143,
    "11": 0.053774325069304164,
    "64": 0.12991282898957585,
    "52": 0.0569056123742491,
    "71": 0.13772414211523581,
    "83": 0.3209420641314397,
    "29": 0.053237997888160846,
    "47": 0.06842094355315803,
    "46": 0.06633075464056767,
    "35": 0.046524439789261796,
    "28": 0.047973188540382614,
    "65": 0.16704233217130723,
    "4": 0.049394269110966185,
    "74": 0.4,
    "61": 0.2430958477320629,
    "7": 0.04755039823905324,
    "78": 0.2536683711526686,
    "6": 0.051102379987678484,
    "42": 0.09560099875051702,
    "43": 0.08387991205276607,
    "24": 0.044841267531573234,
    "22": 0.06817671076362097,
    "40": 0.05254330410099363,
    "25": 0.05356324408810677,
    "5": 0.055997924987709544,
    "41": 0.11091358259560959,
    "39": 0.11121576097647087,
    "77": 0.4,
    "38": 0.10595661458575825,
    "76": 0.4,
    "20": 0.040851521880861545,
    "2": 0.04968488905637419,
    "23": 0.05940136487886266,
    "58": 0.4,
    "3": 0.05034123050041097,
    "59": 0.4,
    "57": 0.4,
    "56": 0.4,
    "75": 0.4,
    "21": 0.04613974007346732,
    "73": 0.4,
    "37": 0.4,
    "1": 0.4,
    "55": 0.4
  },
  "cem_online_stds": {
    "12": 0.02133606648100066,
    "84": 0.0812046092608128,
    "48": 0.025987814025581847,
    "66": 0.06121566323844023,
    "13": 0.02198870264560377,
    "85": 0.10829885315355185,
    "67": 0.0824830635992677,
    "49": 0.024164607120619155,
    "30": 0.02402337453710747,
    "31": 0.02,
    "60": 0.11036414931602333,
    "79": 0.15425459849682985,
    "14": 0.02001603556423244,
    "68": 0.07593930237741958,
    "87": 0.11021812471730831,
    "15": 0.020167719581679688,
    "69": 0.0712272666208314,
    "50": 0.027660502270906336,
    "51": 0.024431162956370687,
    "33": 0.02,
    "86": 0.09449875125205541,
    "8": 0.022399438794850773,
    "32": 0.02,
    "80": 0.0982866461192743,
    "62": 0.06728578621757916,
    "9": 0.02174348636572161,
    "45": 0.03917135747024458,
    "81": 0.1170494268050562,
    "27": 0.02839272193702263,
    "44": 0.0457432111029279,
    "26": 0.02424451693010043,
    "63": 0.10872578393976727,
    "16": 0.02261491867689326,
    "70": 0.06796081906880776,
    "34": 0.021356279470090927,
    "53": 0.037181385612841296,
    "88": 0.10808899306356937,
    "17": 0.02115941327121288,
    "10": 0.023124734399603886,
    "89": 0.10795412265040527,
    "82": 0.08550398378396207,
    "11": 0.020648642586558952,
    "64": 0.10102699636355411,
    "52": 0.03850028992505648,
    "71": 0.08234358551241283,
    "83": 0.1111361006758449,
    "29": 0.03339905570801308,
    "47": 0.054979042449049643,
    "46": 0.041541953713582505,
    "35": 0.022361193349555334,
    "28": 0.0302006449554027,
    "65": 0.12131122575958204,
    "4": 0.021420508732604086,
    "74": 0.1637297658957272,
    "61": 0.13311479221270514,
    "7": 0.02647166980607454,
    "78": 0.10882370031538646,
    "6": 0.02553388436881509,
    "42": 0.05116262394860696,
    "43": 0.03940072004815834,
    "24": 0.02880638728734932,
    "22": 0.03650172651400645,
    "40": 0.0428871200385967,
    "25": 0.03799500566115621,
    "5": 0.020142471562729244,
    "41": 0.10643008033550873,
    "39": 0.08126250411387116,
    "77": 0.1648804724782017,
    "38": 0.04941078415533461,
    "76": 0.1650455179961979,
    "20": 0.03311426700002093,
    "2": 0.021994789697207764,
    "23": 0.036873776163260576,
    "58": 0.16537610482975257,
    "3": 0.022285527692615204,
    "59": 0.1655416464762288,
    "57": 0.16587322705711596,
    "56": 0.16620547179523465,
    "75": 0.16670508710800241,
    "21": 0.044083302944823814,
    "73": 0.17613554209491417,
    "37": 0.18628576075139813,
    "1": 0.19043155719660285,
    "55": 0.19662706447476488
  },
  "cem_online_state_visit_count": {
    "12": 57335,
    "84": 1836,
    "48": 9000,
    "67": 1020,
    "13": 22370,
    "66": 2514,
    "49": 3493,
    "85": 712,
    "30": 11487,
    "31": 4539,
    "42": 656,
    "7": 2248,
    "14": 46382,
    "15": 18980,
    "50": 6338,
    "69": 536,
    "87": 322,
    "68": 1460,
    "51": 2683,
    "86": 902,
    "32": 8824,
    "80": 404,
    "44": 4124,
    "33": 3556,
    "8": 30568,
    "62": 883,
    "63": 334,
    "27": 2154,
    "9": 12119,
    "45": 1636,
    "81": 170,
    "16": 26880,
    "70": 697,
    "71": 316,
    "35": 1882,
    "53": 1245,
    "64": 485,
    "82": 299,
    "17": 10770,
    "10": 19198,
    "88": 409,
    "83": 129,
    "52": 3193,
    "89": 173,
    "11": 7818,
    "34": 4550,
    "28": 3159,
    "46": 2070,
    "47": 884,
    "65": 224,
    "76": 6,
    "2": 1134,
    "26": 5679,
    "61": 61,
    "6": 5777,
    "29": 1311,
    "43": 297,
    "78": 72,
    "24": 1007,
    "25": 422,
    "22": 376,
    "79": 30,
    "4": 2464,
    "58": 24,
    "60": 116,
    "5": 979,
    "3": 395,
    "59": 11,
    "20": 190,
    "41": 85,
    "40": 190,
    "75": 3,
    "38": 99,
    "56": 11,
    "39": 46,
    "23": 171,
    "74": 2,
    "77": 2,
    "21": 64,
    "57": 2,
    "1": 6,
    "19": 1,
    "37": 1
  }
}